Run,Isolate,Method,xJSR,non-xJSR
MN07,Asino Nuovo,ChIP,15.92,0.23
SRR5515970,Asino Nuovo,ChIP,14.17,0.14
SRR5515971,Asino Nuovo,ChIP,4.69,0.21
MN11,Asino Nuovo,ChIP,3.7,0.46
MN02,Asino Nuovo,ChIP,1.42,0.12
MN09,Asino Nuovo,ChIP,1.09,0.07
MN05,Asino Nuovo,ChIP,0.88,0.34
MN08,Asino Nuovo,Input,0.48,0.09
ERR2286911,Willy,WGS,0.31,0.23
ERR2286906,Willy,WGS,0.26,0.15
ERR2286909,Willy,WGS,0.24,0.2
ERR2286910,Willy,WGS,0.22,0.12
ERR2286905,Willy,WGS,0.19,0.16
ERR2286907,Willy,WGS,0.16,0.24
ERR2286908,Willy,WGS,0.16,0.18
ERR2286912,Willy,WGS,0.15,0.12
SRR5515976,Blackjack,ChIP,0.13,5.99
MN06,Asino Nuovo,Input,0.12,0.23
SRR5516015,Asino Nuovo,Input,0.11,0.09
MN04,Asino Nuovo,Input,0.09,0.2
MN01,Asino Nuovo,Input,0.08,0.08
SRR5515975,Blackjack,Input,0.08,0.16
SRR5515973,Blackjack,ChIP,0.07,2.39
MN10,Asino Nuovo,Input,0.05,0.43
SRR5515974,Blackjack,ChIP,0,3.5
SRR5515972,Blackjack,Input,0,0.05
